Label,URL,brand,name,price,rating,description,skin_type,skincare_concerns,ingredients,likes,normal,oily,combination,dry,sensitive,dryness,wrinkles,oiliness,dullness,dark_spots,pores,redness,acne,uneven_skin_tone,sallowness,class_specified
Eye cream,https://www.sephora.com/product/brighteyes-illuminating-anti-fatigue-eye-cream-P448208?icid2=products%20grid:p448208,GLAMGLOW,BRIGHTEYES™ Illuminating Anti-Fatigue Eye Cream,39.0,4.4,"An energizing eye cream that brightens dark circles and reduces visible signs of fatigue for glowing, well-rested eyes.","[1, 1, 1, 1, 0]","[1, 1, 0, 0, 0, 0, 0, 0, 0, 0]","water\aqua\eau, butyrospermum parkii (shea) butter, butylene glycol, dimethicone, glycerin, cetearyl alcohol, cetyl esters, isostearyl neopentanoate, cetyl alcohol, polybutene, sodium hyaluronate, caffeine, tocopheryl acetate, narcissus tazetta bulb extract, aminopropyl ascorbyl phosphate, linoleic acid, acetyl hexapeptide-8, artemia extract, hibiscus sabdariffa flower extract, trifluoroacetyl tripeptide-2, anthemis nobilis (chamomile) flower extract, laminaria digitata extract, cucumis melo (melon) fruit extract, cetearyl glucoside, cholesterol, persea gratissima (avocado) oil, pyrus malus (apple) fruit extract, lens esculenta (lentil) fruit extract, citrullus lanatus (watermelon) fruit extract, algae extract, lauryl pca, whey protein\lactis protein\proteine du petit-lait, yeast extract\faex\extrait de levure, sodium lactate, sorbitol, trehalose, zinc pca, glucose, acetyl glucosamine, neopentyl glycol diheptanoate, carbomer, sodium hydroxide, propylene glycol dicaprylate, polymethyl methacrylate, sodium pca, dextran, acrylates/c10-30 alkyl acrylate crosspolymer, polyethylene, decarboxy carnosine hcl, potassium sulfate, caprylyl glycol, 1,2-hexanediol, tetradecyl aminobutyroylvalylaminobutyric urea trifluoroacetate, methyl glucose sesquistearate, bht, disodium edta, phenoxyethanol, potassium sorbate, sodium benzoate, mica, titanium dioxide (ci 77891), iron oxides (ci 77491).",28100,1,1,1,1,0,1,1,0,0,0,0,0,0,0,0,dark circles
Eye cream,https://www.sephora.com/product/eye-dew-total-eye-cream-with-echinacea-greenenvy-P400250?icid2=products%20grid:p400250,FARMACY,Dew It All Total Eye Cream,38.0,3.9,A moisturizing eye cream that helps minimize signs of stress and fatigue while deliveringhydration to help soothe and nourish the eye area.,"[1, 1, 1, 1, 0]","[0, 1, 0, 1, 0, 0, 0, 0, 0, 1]","water/aqua/eau, glycerin, coco-caprylate/caprate, jojoba esters, 1,2-hexanediol, copernicia cerifera (carnauba) wax, cetyl alcohol, caprylic/capric triglyceride, cetearyl alcohol, candelilla/jojoba/rice bran polyglyceryl-3 esters, glyceryl stearate, undecane, adansonia digitata seed oil, echinacea purpurea root extract, sodium stearoyl lactylate, tridecane, arachidyl alcohol, ribose, sodium stearoyl glutamate, butyrospermum parkii (shea) butter, microcrystalline cellulose, xanthan gum, behenyl alcohol, paeonia suffruticosa root extract, scutellaria baicalensis root extract, butylene glycol, cetearyl glucoside, arachidyl glucoside, cellulose gum, allantoin, hydrolyzed hyaluronic acid, gellan gum, propanediol, opuntia ficus-indica extract, sodium phytate, adenosine, melia azadirachta leaf extract, melia azadirachta flower extract, dictyopteris polypodioides extract, corallina officinalis extract, calendula officinalis flower extract, chamomilla recutita (matricaria) flower extract, curcuma longa (turmeric) root extract, coccinia indica fruit extract, glucose, aloe barbadensis flower extract, solanum melongena (eggplant) fruit extract, ocimum basilicum (basil) flower/leaf extract, rosa canina fruit extract, ocimum sanctum leaf extract, tocopherol, sodium benzoate, lactic acid, isopropyl alcohol, potassium sorbate, sodium chloride, sodium glycolate.",27500,1,1,1,1,0,0,1,0,1,0,0,0,0,0,1,wrinkles
Eye cream,https://www.sephora.com/product/zero-baggage-anti-dark-circle-eye-cream-P433975?icid2=products%20grid:p433975,NATURALLY SERIOUS,Zero Baggage Anti-Dark Circle Eye Cream,44.0,3.6,"An eye cream that reduces the look of fine lines, dark circles, and puffiness while protecting the eye area from aging pollutants.","[1, 1, 1, 1, 0]","[0, 1, 0, 0, 1, 0, 0, 0, 0, 0]","water, glycerin, cetyl alcohol, pyrus malus (apple) fruit extract, aluminum starch octenylsuccinate, caprylic/capric triglyceride, stearyl alcohol, propanediol, caffeine, sodium hyaluronate, tocopheryl acetate, sodium pca, hydrogenated olive oil, maltodextrin, aspalathus linearis leaf extract, camellia sinensis leaf extract, lycium barbarum fruit extract, punica granatum extract, vitis vinifera (grape) seed extract, leuconostoc/radish root ferment filtrate, pinus cembra wood extract, citrus aurantium dulcis (orange) peel extract, olea europaea (olive) fruit oil, olea europaea (olive) oil unsaponifiables, cera alba (beeswax), avena sativa (oat) bran extract, coleus barbatus root extract, leontopodium alpinum extract, peucedanum ostruthium leaf extract, cetearyl olivate, palmitic acid, stearic acid, sodium phytate, sorbitan olivate, xanthan gum, pentylene glycol, phenethyl alcohol.",3000,1,1,1,1,0,0,1,0,0,1,0,0,0,0,0,dark spots
Eye cream,https://www.sephora.com/product/c-collagen-brighten-firm-eye-cream-P418302?icid2=products%20grid:p418302,DR. DENNIS GROSS SKINCARE,Vitamin C+ Collagen Brighten & Firm Eye Cream,65.0,3.4,"An energizing eye cream that’s infused with a proprietary vitamin C complex to dramatically improve the look of tired, aging eyes.","[1, 1, 1, 1, 1]","[0, 1, 0, 0, 0, 0, 0, 0, 0, 1]","water, c12-15 alkyl benzoate, glycerin, pentylene glycol, caprylic/capric triglyceride, niacinamide, aminobutyric acid, glyceryl stearate, hydroxyethyl acrylate/sodium acryloyldimethyl taurate copolymer, peg-40 stearate, silica, stearyl alcohol, 3-o-ethyl ascorbic acid, ascorbic acid, collagen amino acids, superoxide dismutase, glycine, hydroxyproline, carnitine, ubiquinone, adenosine, phyllanthus emblica fruit extract, hydrolyzed soy protein, ascorbyl glucoside, ceramide ng, dipeptide-2, palmitoyl tetrapeptide-7, palmitoyl tripeptide-1, palmitoyl hexapeptide-12, hesperidin methyl chalcone, ectoin, chrysin, glycyrrhiza glabra (licorice) root extract, cucumis sativus (cucumber) fruit extract, tocopherol, lactic acid, biotin, sea whip extract, porphyridium cruentum extract, echinacea angustifolia extract, arnica montana flower extract, phytic acid, tetrasodium edta, trisodium edta, citric acid, sodium citrate, n-hydroxysuccinimide, lecithin, tribehenin, butylene glycol, sorbitan isostearate, steareth-20, ceteareth-20, hydroxypropyl methylcellulose, pullulan, acrylates/c10-30 alkyl acrylate crosspolymer, cetearyl alcohol, polysorbate 60, peg-10 phytosterol, leuconostoc/radish root ferment filtrate, phenoxyethanol, chlorhexidine digluconate, potassium sorbate, benzyl alcohol, sodium benzoate, mica, titanium dioxide (ci 77891).",7000,1,1,1,1,1,0,1,0,0,0,0,0,0,0,1,loss of firmness
Eye cream,https://www.sephora.com/product/eye-duty-triple-remedy-brighten-depuff-smooth-P385329?icid2=products%20grid:p385329,FIRST AID BEAUTY,"Eye Duty Triple Remedy: Brighten, Depuff and Smooth",36.0,3.9,"A three-in-one eye treatment you can wear with or without makeup to illuminate, depuff, and smooth the entire eye area for a more luminous and youthful appearance.","[1, 1, 1, 1, 1]","[0, 1, 0, 0, 0, 0, 0, 0, 0, 0]","water, titanium dioxide, glycerin, cyclopentasiloxane, dimethicone, pentylene glycol, isononyl isononanoate, polyglyceryl-3 polydimethylsiloxyethyl dimethicone, hydroxyethyl acry-late/sodium acryloyldimethyl taurate copolymer, silica, palmitoyl hexapeptide-12, palmitoyl tetrapeptide-7, caffeine, glycyrrhiza glabra (licorice) root extract, chrysanthemum parthenium (feverfew) extract, camellia sinensis leaf extract, diethylhexyl syringylidenemalonate, isopropyl titanium triisostearate, sorbitan isostearate, stearalkonium hectorite, hydrogenated phosphati-dylcholine, corallina officinalis extract, aminobutyric acid, ethylhexyl methoxycrylene, isopropyl myristate, isohexadecane, hydrogenated lecithin, propylene carbonate, polyhydroxystearic acid, sodium lactate, stearic acid, aluminum hydroxide, polyester-8, butylene glycol, sodium polymethacrylate, carbomer, polysorbate 20, polysorbate 60, phenoxyethanol, polysilicone-11, xanthan gum, sodium benzoate, potassium sorbate, ci 77491/77492 (iron oxides).",50000,1,1,1,1,1,0,1,0,0,0,0,0,0,0,0,wrinkles
Eye cream,https://www.sephora.com/product/mario-badescu-hyaluronic-eye-cream-P440502?icid2=products%20grid:p440502,MARIO BADESCU,Hyaluronic Eye Cream,18.0,3.2,"A bestselling eye cream, beloved for its universal formula that replenishes moisture and helps minimize the look of dry fine lines.","[1, 1, 1, 1, 0]","[1, 1, 0, 1, 0, 0, 0, 0, 0, 0]","water, glycerin, paraffinum liquidum (mineral oil, huile minérale), cetearyl alcohol, olus (vegetable oil, huile végétale), aloe barbadensis leaf extract, carthamus tinctorius (safflower) seed oil, petrolatum, ceteareth-20, tocopherol, hyaluronic acid, euphrasia officinalis extract, tocopheryl acetate, sodium hyaluronate, propylene glycol, glyceryl acrylate/acrylic acid copolymer, pvm/ma copolymer, polyquaternium-24, sodium chloride, diazolidinyl urea, propylparaben, methylparaben, ci 19140 (yellow 5), ci 15985 (yellow 6).",8100,1,1,1,1,0,1,1,0,1,0,0,0,0,0,0,wrinkles
Eye cream,https://www.sephora.com/product/radiance-antioxidant-eye-cream-P440320?icid2=products%20grid:p440320,EVE LOM,Radiance Antioxidant Eye Cream,75.0,4.3,"A versatile, potent eye cream that addresses dark circles, puffiness, lack of firmness, and dehydration.","[1, 1, 1, 1, 0]","[0, 1, 0, 1, 0, 0, 0, 0, 0, 0]","water, cetearyl alcohol, myristyl myristate, propanediol, cetyl ricinoleate, camelina sativa seed oil, glycerin, dimethicone, isopropyl isostearate, phytosteryl/octyldodecyl lauroyl glutamate, cetearyl glucoside, xylitylglucoside, phenoxyethanol, anhydroxylitol, hydroxyethyl acrylate/sodium acryloyldimethyl taurate copolymer, tocopherol, ectoin, galactoarabinan, inulin lauryl carbamate, panthenol, squalane, lysolecithin, sclerotium gum, panax ginseng root extract, xylitol, pullulan, xanthan gum, disodium edta, ethylhexylglycerin, steareth-20, polysorbate 60, gynostemma pentaphyllum leaf extract, sodium hyaluronate, dunaliella salina extract, sorbitan isostearate, 2-bromo-2-nitropropane-1,3-diol, silica, sodium hydroxide, citric acid, palmitoyl tripeptide-5, sodium benzoate, potassium sorbate, n-hydroxysuccinimide, sodium citrate, pantolactone, chrysin, palmitoyl tripeptide-1, palmitoyl tetrapeptide-7.",1000,1,1,1,1,0,0,1,0,1,0,0,0,0,0,0,dark circles
Eye cream,https://www.sephora.com/product/all-natural-retinol-infused-eye-mask-P442738?icid2=products%20grid:p442738,KNC BEAUTY,All Natural Retinol Infused Eye Mask,5.0,3.0,"An eye mask that will give you fresh, hydrated, de-puffed eyes without all the harsh chemicals.","[1, 1, 1, 1, 0]","[1, 1, 0, 0, 0, 0, 0, 0, 0, 0]","hyaluronic acid, gold, collagen, licorice root extract, aloe, vitamin a, rosemary extract.",2100,1,1,1,1,0,1,1,0,0,0,0,0,0,0,0,dark circles
Eye cream,https://www.sephora.com/product/eye-fuel-P436376?icid2=products%20grid:p436376,KIEHL'S SINCE 1851,Eye Fuel,24.0,3.4,A men’s eye gel that helps awaken tired-looking eyes.,"[1, 1, 0, 1, 1]","[0, 0, 0, 0, 0, 0, 0, 0, 0, 0]",no info,3700,1,1,0,1,1,0,0,0,0,0,0,0,0,0,0,dark circles
Eye cream,https://www.sephora.com/product/fresh-lotus-youth-preserve-eye-cream-P454396?icid2=products%20grid:p454396,FRESH,Lotus Youth Preserve Eye Cream,45.0,4.5,"A lightweight eye cream powered by a new multi-action super lotus helps depuff and smooth the delicate eye area for a radiant, resilient, and youthful look.","[1, 1, 1, 1, 0]","[0, 1, 0, 1, 0, 0, 0, 0, 0, 0]","fresh product ingredient listings are updated periodically. before using a fresh product, please read the ingredient list on the packaging of your product to be sure that the ingredients are appropriate for your personal use.",2700,1,1,1,1,0,0,1,0,1,0,0,0,0,0,0,puffiness
Eye cream,https://www.sephora.com/product/all-about-eyes-rich-P174502?skuId=1246693&icid2=products%20grid:p174502,CLINIQUE,All About Eyes™ Rich Eye Cream,54.0,4.1,"A rich eye cream that diminishes the look of under-eye circles, shadows, puffs, and fine lines.","[1, 1, 1, 1, 0]","[1, 0, 0, 0, 0, 0, 0, 0, 0, 0]","water , butyrospermum parkii (shea butter) , cetearyl alcohol , butylene glycol , hydrogenated polyisobutene , phenyl trimethicone , polyglyceryl-3 beeswax , polybutene , sucrose , cetyl esters , polymethyl methacrylate , isostearyl neopentanoate , glycerin , cetearyl glucoside , tocopheryl acetate , triticum vulgare (wheat) germ extract , hordeum vulgare (barley) extract/extrait d'orge , sigesbeckia orientalis (st. paul's wort) extract , peg-100 stearate , coleus barbatus extract , betula alba (birch) extract , polysilicone-11 , methyl glucose sesquistearate , camellia sinensis (green tea) leaf extract , salvia officinalis (sage) leaf , glyceryl polymethacrylate , yeast extract/faex/extrait de levure , gentiana lutea (gentian) root extract , stearic acid , milk protein/lactis proteinum/proteine du lait , whey protein/lactis protein/proteine du petit-lait , palmitoyl oligopeptide , squalane , magnesium ascorbyl phosphate , cholesterol , caffeine , peg-8 , phytosphingosine , acrylates/c10-30 alkyl acrylate crosspolymer , aminomethyl propanol , dimethicone , isomerized linoleic acid , linoleic acid , sodium hyaluronate , 1,2 hexanediol , decarboxy carnosine hcl , potassium sulfate , caprylyl glycol , disodium edta , sodium dehydroacetate , phenoxyethanol , yellow 5 (ci 19140) , mica , iron oxides (ci 77491, ci 77492, ci 77499) , titanium dioxide (ci 77891)",53600,1,1,1,1,0,1,0,0,0,0,0,0,0,0,0,dark circles
Eye cream,https://www.sephora.com/product/bio-performance-liftdynamic-eye-treatment-P410759?icid2=products%20grid:p410759,SHISEIDO,Bio-Performance LiftDynamic Eye Treatment,75.0,3.8,"An antiaging eye cream that reveals visibly lifted, sculpted skin around the eyes and energizes skin's own natural reparative ability.","[1, 1, 1, 1, 1]","[1, 1, 0, 0, 0, 0, 0, 0, 0, 1]","water, pentaerythrityl tetraethylhexanoate, hydrogenated polydecene, dimethicone, butylene glycol, glycerin, dipropylene glycol, behenyl alcohol, peg/ppg-14/7 dimethyl ether, hydrogenated polyisobutene, stearyl alcohol, dimethicone crosspolymer, hydrogenated palm oil, beheneth-20, mineral oil(paraffinum liquidum/huile minerale), phenoxyethanol, myristyl myristate, polyvinyl alcohol, tocopheryl acetate, elaeis guineensis (palm) kernel oil, elaeis guineensis (palm) oil, dimethylacrylamide/sodium acryloyldimethyltaurate crosspolymer, microcrystalline wax(cera microcristallina/cire microcristalline), paraffin, disodium edta, caffeine, retinyl acetate, sodium citrate, helianthus annuus (sunflower) seed oil, fragrance (parfum), bht, limonene, citric acid, sodium metaphosphate, inositol, hexyl cinnamal, benzyl benzoate, butylphenyl methylpropional, alcohol, linalool, sodium metabisulfite, saccharomyces ferment lysate filtrate, sodium acetylated hyaluronate, iron oxides (ci 77492), rosmarinus officinalis (rosemary) leaf extract (rosmarinus officinalis leaf extract), alpha-isomethyl ionone, thymus serpillum extract, citronellol, geraniol, tocopherol, iron oxides (ci 77491), panax ginseng root extract, bupleurum falcatum root extract.",5100,1,1,1,1,1,1,1,0,0,0,0,0,0,0,1,loss of firmness
Eye cream,https://www.sephora.com/product/black-tea-firming-eye-serum-P439626?icid2=products%20grid:p439626,FRESH,Black Tea Firming Eye Serum,72.0,3.9,"A fluid gel that provides a corset-like effect to the delicate eye area for a firmer, lifted look.","[1, 1, 1, 1, 0]","[0, 1, 0, 1, 0, 0, 0, 0, 0, 1]","water, glycerin, butylene glycol, pentylene glycol, jojoba oil peg-150 esters, methyl gluceth-20, peg-6 caprylic/capric glycerides, acacia senegal gum, peg-40 hydrogenated castor oil, lycium chinense fruit extract, saccharomyces ferment filtrate, camellia sinensis leaf extract, rubus fruticosus (blackberry) leaf extract, litchi chinensis seed extract, acetyl tetrapeptide-5, tocopheryl acetate, tocopherol, polymethylsilsesquioxane, carbomer, peg-150, sorbitol, sodium hydroxide, parfum (fragrance), rhizobian gum, maltodextrin, algin, xanthan gum, adenosine, polyvinyl alcohol, cellulose gum, citric acid, sodium metabisulfite, diamond powder, sodium benzoate, potassium sorbate, hydroxyethylcellulose, sodium citrate, biotin, phenoxyethanol, linalool, citronellol, geraniol.",9500,1,1,1,1,0,0,1,0,1,0,0,0,0,0,1,loss of firmness
Eye cream,https://www.sephora.com/product/retinol-fusion-pm-eye-cream-P407151?icid2=products%20grid:p407151,PETER THOMAS ROTH,Retinol Fusion PM Eye Cream,55.0,3.8,A transformative eye cream with a potent concentration of microencapsulated retinol complex to help create a youthful appearance around the delicate eye area.,"[1, 1, 1, 1, 1]","[0, 1, 0, 0, 0, 0, 0, 0, 0, 0]","water, glyceryl stearate, caprylic/capric triglyceride, cetyl alcohol, propylene glycol stearate, cera alba (beeswax), caffeine, retinol, butyrospermum parkii (shea) butter, persea gratissima (avocado) oil, ascorbic acid, retinyl palmitate, tocopheryl acetate, sodium hyaluronate, sodium pca, bht, superoxide dismutase, squalane, aloe barbadensis leaf juice, soluble collagen, hydrolyzed elastin, lecithin, allantoin, panthenol, ceramide np, echinacea purpurea extract, algae extract, c13-14 isoparaffin, foeniculum vulgare (fennel) seed extract, rosa canina fruit oil, viola tricolor extract, camellia sinensis leaf extract, dimethicone, helianthus annuus (sunflower) seed oil, wheat amino acids, potassium phosphate, leuconostoc/radish root ferment filtrate, citric acid, disodium edta, carbomer, triethanolamine, steapyrium chloride, polyacrylamide, polysorbate 20, oleic acid, soy acid, laureth-7, ascorbyl methylsilanol pectinate, edta, methylpropanediol, butylene glycol, propylene glycol, potassium sorbate, sodium benzoate, pentylene glycol, alcohol, phenoxyethanol.",5000,1,1,1,1,1,0,1,0,0,0,0,0,0,0,0,puffiness
Eye cream,https://www.sephora.com/product/banana-bright-eye-creme-P426339?icid2=products%20grid:p426339,OLEHENRIKSEN,Banana Bright Eye Crème,39.0,4.0,"A brightening, vitamin C-rich eye crème that targets signs of aging, reducing the look of dark circles while improving concealer application and wear—inspired by makeup artist secret, banana powder.","[1, 1, 1, 1, 1]","[1, 1, 0, 0, 0, 0, 0, 0, 0, 0]","water, simmondsia chinensis (jojoba) seed oil, butyrospermum parkii (shea) butter, isododecane, coconut alkanes, tetrahexyldecyl ascorbate, polyglyceryl-3 rice branate, polyglyceryl-3 beeswax, cetearyl alcohol, 3-0-ethyl ascorbic acid, glycerin, dilinoleic acid/propanediol copolymer, polymethylsilsesquioxane, cocoyl proline, pentaerythrityl tetraisostearate, dimethicone crosspolymer, hdi/trimethylol hexyllactone crosspolymer, polyacrylate-13, mica, polysorbate 20, caprylyl glycol, titanium dioxide (ci 77891), polyglyceryl-6 ricinoleate, polyglyceryl-6 caprylate, polyglyceryl-4 caprate, polyglyceryl-3 cocoate, phenoxyethanol, coco-caprylate/caprate, polyisobutene, acrylates/c10-30 alkyl acrylate crosspolymer, parfum/fragrance, tamarindus indica seed polysaccharide, tocopheryl acetate, rosa canina fruit extract, lycium barbarum fruit extract, hippophae rhamnoides extract, citrus limon (lemon) fruit extract, citrus aurantium dulcis (orange) fruit extract, sodium hydroxide, sorbic acid, iron oxides (ci 77491), leuconostoc/radish root ferment filtrate, sorbitan isostearate, silica, sodium benzoate, propanediol, vegetable collagen, aroma/flavor, ascorbic acid, linoleic acid, pullulan, nannochloropsis oculata extract, linolenic acid, citric acid, potassium sorbate, tocopherol, citral, limonene, linalool.",177400,1,1,1,1,1,1,1,0,0,0,0,0,0,0,0,dark circles
Eye cream,https://www.sephora.com/product/advanced-night-repair-eye-concentrate-matrix-P422651?icid2=products%20grid:p422651,ESTÉE LAUDER,Advanced Night Repair Eye Concentrate Matrix,69.0,3.4,"An ultra-nourishing, skin strengthening formula with an innovative 360° Matrix Technology to give eyes a fresh, wide open look.","[1, 1, 1, 1, 0]","[0, 0, 0, 1, 0, 0, 0, 0, 0, 0]","advanced night rpr eye conc matrix division: el (estee lauder)ingredients: water , dimethicone , isohexadecane , glycerin , butylene glycol , bis-peg-18 methyl ether dimethyl silane , peg-10 dimethicone , disteardimonium hectorite , isopropyl isostearate , ppg-15 stearyl ether , sucrose , trehalose , pentylene glycol , hydroxyethyl urea , cucumis sativus (cucumber) fruit extract , garcinia mangostana peel extract , anthemis nobilis (chamomile) flower extract , hordeum vulgare (barley) extract/extrait d'orge , silybum marianum (lady's thistle) extract , glycine soja (soybean) seed extract , lactobacillus ferment , algae extract , sorbitol , betula alba (birch) extract , scutellaria baicalensis root extract , morus bombycis (mulberry) root extract , poria cocos sclerotium extract , camelina sativa seed oil , bifida ferment lysate , propylene glycol dicaprate , caffeine , sodium hyaluronate , sodium polyaspartate , hydrogenated lecithin , aminopropyl ascorbyl phosphate , phytosphingosine , yeast extract/faex/extrait de levure , ethylhexylglycerin , sodium rna , hydrolyzed algin , tripeptide-32 , polysilicone-11 , isododecane , tocopheryl acetate , helianthus annuus (sunflower) seedcake , polyethylene , propylene carbonate , polyacrylate crosspolymer-6 , sodium dehydroacetate , potassium sorbate , lecithin , disodium edta , bht , phenoxyethanol , iron oxides (ci 77491)",4800,1,1,1,1,0,0,0,0,1,0,0,0,0,0,0,dullness
Eye cream,https://www.sephora.com/product/moisture-bound-rejuvenating-eye-treatment-gel-P282612?icid2=products%20grid:p282612,AMOREPACIFIC,MOISTURE BOUND Rejuvenating Eye Treatment Gel,85.0,4.2,A lightweight gel-cream formula that provides rich hydration to the delicate eye area and promotes a more radiant look.,"[1, 1, 1, 1, 1]","[1, 0, 0, 0, 0, 0, 0, 0, 0, 0]","phyllostachis bambusoides juice, cyclopentasiloxane, dimethicone, glycerin, butylene glycol, cyclohexasiloxane, alcohol, water, peg-75, peg-10 dimethicone, biosaccharide gum-1, squalane, niacinamide, acetyl glucosamine, hydrolyzed phyllostachis bambusoides, hydrolyzed camellia sinensis leaf, glycine soja (soybean) seed extract, nelumbo nucifera flower extract, opuntia coccinellifera fruit extract, hesperidin, caffeine, theanine, kaempferol, camellia sinensis flower extract, natto gum, beta-glucan, sodium hyaluronate, tocopherol, phytantriol, epigallocatechin gallate, disteardimonium hectorite, lauryl peg-9 polydimethylsiloxyethyl dimethicone, polysilicone-11, propanediol, dimethiconol, dimethicone/vinyl dimethicone crosspolymer, stearyl behenate, polyglyceryl-3 methylglucose distearate, hydroxypropyl bispalmitamide mea, inulin lauryl carbamate, polysorbate 20, peg-15 pentaerythrityl tetra (laureth-6 carboxylate), sodium chloride, poloxamer 407, ammonium acryloyldimethyltaurate/vp copolymer, 1,2-hexanediol, disodium edta, ethylhexylglycerin, phenoxyethanol, fragrance.",9600,1,1,1,1,1,1,0,0,0,0,0,0,0,0,0,dryness
Eye cream,https://www.sephora.com/product/helix-am-pm-eye-gel-P421952?icid2=products%20grid:p421952,VOLITION BEAUTY,Helix AM/PM Eye Gel,52.0,3.9,"A fast-absorbing, cooling, anti-aging eye gel that serves as the perfect canvas for makeup application.","[1, 1, 1, 1, 0]","[1, 1, 0, 0, 0, 0, 0, 0, 0, 0]","propylene glycol, cyclopentasiloxane, water, dimethicone crosspolymer, snail secretion filtrate, butylene glycol, sodium acrylate/sodium acryloyldimethyl taurate copolymer, isohexadecane, polysorbate 80, phenoxyethanol, ethylhexylglycerin, fragrance, limonene.",11400,1,1,1,1,0,1,1,0,0,0,0,0,0,0,0,wrinkles
Eye cream,https://www.sephora.com/product/bright-eyes-collagen-infused-brightening-colloidal-silver-eye-masks-P438637?icid2=products%20grid:p438637,BEAUTYBIO,Bright Eyes Collagen-Infused Brightening Colloidal Silver Eye Masks,40.0,3.8,A pair of eye masks that de-puffs and brightens the look of eyes while diminishing the appearance of fine lines.,"[1, 1, 1, 1, 0]","[0, 1, 0, 0, 0, 0, 0, 0, 0, 0]","water, glycerin, colloidal silver, propylene glycol, betaine, hamamelis virginiana extract, chondrus crispus powder, mica, niacinamide, glucomannan, xanthan gum, aloe yohjyu matsu ekisu, hydrolyzed collagen, phenoxyethanol, diazolidinyl urea, algin, potassium chloride, citric acid, potassium citrate, sodium hyaluronate, pearl powder, iodopropynyl butylcarbamate, fragrance.",5800,1,1,1,1,0,0,1,0,0,0,0,0,0,0,0,puffiness
Eye cream,https://www.sephora.com/product/the-eye-concentrate-P416343?icid2=products%20grid:p416343,LA MER,The Eye Concentrate,225.0,3.6,A hydrating eye cream that visibly diminishes dark circles and smooths lines to improve the appearance of eye bags and wrinkles.,"[1, 1, 1, 1, 0]","[0, 1, 0, 0, 0, 0, 0, 0, 0, 0]","algae (seaweed) extract, water\aqua\eau, cyclopentasiloxane, glycerin, dimethicone, vinyl dimethicone/methicone silsesquioxane crosspolymer, caprylic/capric triglyceride, caprylic/capric/myristic/stearic triglyceride, yeast extract\faex\extrait de levure, sea salt\maris sal\sel marin, saccharomyces/copper ferment, helichrysum arenarium (everlasting) extract, polysilicone-11, gelidium cartilagineum extract, tourmaline, polygonum fagopyrum seed extract, saccharomyces lysate extract, sesamum indicum (sesame) seed oil, medicago sativa (alfalfa) seed powder, helianthus annuus (sunflower) seedcake, prunus amygdalus dulcis (sweet almond) seed meal, eucalyptus globulus (eucalyptus) leaf oil, sodium gluconate, calcium gluconate, copper gluconate, magnesium gluconate, zinc gluconate, tocopheryl succinate, niacin, sesamum indicum (sesame) seed powder, corallina officinalis extract, ferrous gluconate, glyceryl triacetyl ricinoleate, hydrogenated vegetable oil, macadamia integrifolia seed oil, palmitoyl tetrapeptide-7, acetyl hexapeptide-8, whey protein\lactis protein\proteine du petit-lait, hesperidin methyl chalcone, cyclohexasiloxane, linoleic acid, caffeine, cholesterol, tetraacetylphytosphingosine, sigesbeckia orientalis (st. paul's wort) extract, butylene glycol, crithmum maritimum extract, acetyl glucosamine, steareth-20, aminopropyl ascorbyl phosphate, nylon-12, triethylhexanoin, avena sativa (oat) kernel extract, prunus amygdalus dulcis (sweet almond) seed extract, isononyl isononanoate, glycine soja (soybean) protein, cetyl peg/ppg-10/1 dimethicone, phytosphingosine, hydrogenated polyisobutene, propylene glycol dioctanoate, calcium chloride, sucrose, dipeptide-2, dimethicone crosspolymer, triethoxycaprylylsilane, caprylyl glycol, trimethylsiloxysilicate, isododecane, peg/ppg-18/18 dimethicone, silica, alumina, fragrance (parfum), phenoxyethanol, mica, titanium dioxide (ci 77891).",20600,1,1,1,1,0,0,1,0,0,0,0,0,0,0,0,dark circles
Eye cream,https://www.sephora.com/product/stress-positive-eye-lift-P423143?icid2=products%20grid:p423143,DERMALOGICA,Stress Positive Eye Lift Mask,69.0,4.3,A cooling eye mask that helps de-puff and energize the skin to reduce visible signs of stress.,"[1, 1, 1, 1, 0]","[0, 1, 0, 0, 0, 0, 0, 0, 0, 0]","water, dimethicone, pentylene glycol, sorbitol, simmondsia chinensis (jojoba) seed oil, butylene glycol, glycerin, peg-40 hydrogenated castor oil, saccharomyces ferment lysate filtrate, tephrosia purpurea seed extract, hydrolyzed sodium hyaluronate, niacinamide, diglucosyl gallic acid, citrus reticulata (tangerine) leaf oil, ammonium acryloyldimethyltaurate/vp copolymer, maris aqua (sea water), propanediol, sodium hyaluronate, vetiveria zizanoides root oil, lavandula angustifolia (lavender) oil, rosa damascena flower oil, salvia sclarea (clary) oil, hydrolyzed algin, aniba rosaeodora (rosewood) wood oil, cananga odorata flower oil, glyceryl stearate se, methyl lactate, peg-100 stearate, acrylates/c10-30 alkyl acrylate crosspolymer, tocopherol, sucrose, caprylic/capric triglyceride, ethylhexylglycerin, sodium hydroxide, tetrasodium glutamate diacetate, aminomethyl propanol, xanthan gum, linalool, geraniol, phenoxyethanol.",5200,1,1,1,1,0,0,1,0,0,0,0,0,0,0,0,puffiness
Eye cream,https://www.sephora.com/product/hyaluronic-marine-dew-it-all-eye-gel-P427393?icid2=products%20grid:p427393,DR. DENNIS GROSS SKINCARE,Hyaluronic Marine Dew It Right Eye Gel,48.0,3.6,"A multidimensional eye corrector with active ingredients to leave eyes dewy, smooth, and hydrated—immediately and for up to 72 hours.","[1, 1, 1, 1, 1]","[1, 1, 0, 0, 0, 0, 0, 0, 0, 0]","water, butylene glycol, glycerin, caprylic/capric triglyceride, silica, sodium hyaluronate, saccharide isomerate, caulerpa lentillifera extract, sea whip extract, smilax aristolochiifolia root extract, glycyrrhiza glabra (licorice) root extract, caffeine, panthenol, glucosyl hesperidin, asiaticoside, madecassoside, disodium rutinyl disulfate, stearyl heptanoate, sodium pca, lactic acid, trehalose, hydrogenated lecithin, citric acid, sodium hydroxide, acrylates/c10-30 alkyl acrylate crosspolymer, glyceryl polyacrylate, sodium citrate, xanthan gum, dimethicone, sodium potassium aluminum silicate, carbomer, phenoxyethanol, benzyl alcohol, tin oxide (ci 77861), mica (ci 77019), titanium dioxide (ci 77891).",9600,1,1,1,1,1,1,1,0,0,0,0,0,0,0,0,dryness
Eye cream,https://www.sephora.com/product/down-under-collagen-boosting-eye-treatment-P430833?icid2=products%20grid:p430833,DR ROEBUCK'S,Down Under Collagen Boosting Eye Treatment,38.0,3.7,"A rich, nighttime eye treatment that diminishes the look of dark circles and puffiness, while moisturizing and visibly firming the eye area.","[1, 1, 1, 1, 0]","[1, 1, 0, 0, 0, 0, 0, 0, 0, 1]","water, macadamia ternifolia seed oil, cetearyl alcohol, coco-caprylate, butyrospermum parkii (shea) butter, cetearyl glucoside, cetearyl olivate, glyceryl stearate se, glycerin, sorbitan olivate, cocos nucifera (coconut) oil, dehydroacetic acid, benzyl alcohol, caffeine, sodium salicylate, lecithin, silica, rosa canina (rose hip) fruit oil, sodium pca, arnica montana flower extract, tocopherol (vitamin e), caprylyl glycol, xanthan gum.",7600,1,1,1,1,0,1,1,0,0,0,0,0,0,0,1,dryness
